		
Jonathan Ferguson		
Munsell notations and color names: Recommendations for archaeological practice		
Journal of Field Archaeology, 39:4, 327-335, (2014)		
DOI: 10.1179/0093469014Z.00000000097		
Supplement #1		
		
		
Munsell notation	Color name	Chart(s)
		
Hue N		
N 1/	Black	B, R*
N 2/	Black	N, R
N 2.5/	Black	S
N 3/	Very dark gray	N, R, S
N 4/	Dark gray	N, R, S
N 5/	Gray	N, R, S
N 6/	Gray	N, R, S
N 7/	Light gray	B, N, R, S
N 8/	White	B, N, R, S
N 8.5/	White	S
N 9/	White	B, N, R, S
N 9.5/	White	B, S
		
		
Hue 2.5R		
2.5R 2/4	Very dark red	B
2.5R 2/6	Very dark red	B
2.5R 3/4	Dark red	B
2.5R 3/10	Dark red	B
2.5R 4/2	Grayish red	P
2.5R 4/4	Grayish red	P
2.5R 4/6	Grayish red	P
2.5R 4/8	Moderate red	P
2.5R 4/10	Moderate red	B, P
2.5R 5/2	Grayish red	P
2.5R 5/4	Grayish red	P
2.5R 5/6	Grayish red	P
2.5R 5/8	Moderate red	B, P
2.5R 5/10	Moderate red	P
2.5R 6/2	Light grayish red	P
2.5R 6/4	Light grayish red	P
2.5R 6/6	Dark pink	P
2.5R 6/8	Deep pink	P
2.5R 6/10	Deep pink	P
2.5R 7/2	Grayish pink	P
2.5R 7/4	Moderate pink	P
2.5R 7/6	Moderate pink	B, P
2.5R 7/8	Strong pink	P
2.5R 8/2	Grayish pink	P
2.5R 8/4	Moderate pink	P
		
		
Hue 5R		
5R 2/2	Blackish red	R
5R 2/6	Very dark red	R
5R 2.5/1	Reddish black	S
5R 2.5/2	Very dusky red	N, S
5R 2.5/3	Very dusky red	S
5R 2.5/4	Very dusky red	S
5R 2.5/6	Dark red	S
5R 3/1	Dark reddish gray	S
5R 3/2	Dusky red	N, P, S
5R 3/3	Dusky red	S
5R 3/4	Dusky red	N, P, R, S
5R 3/6	Dark red	B, P, S
5R 3/8	Dark red	P, S
5R 3/10	Deep red	B, P
5R 4/1	Dark reddish gray	S
5R 4/2	Weak red	N, P, R, S
5R 4/3	Weak red	S
5R 4/4	Weak red	N, P, S
5R 4/6	Red	N, P, R, S
5R 4/8	Red	B, N, P, S
5R 4/10	Red	B, N, P
5R 4/12	Strong red	B, N
5R 4/14	Vivid red	N
5R 5/1	Reddish gray	S
5R 5/2	Weak red	N, P, S
5R 5/3	Weak red	S
5R 5/4	Weak red	N, P, R, S
5R 5/6	Red	B, N, P, S
5R 5/8	Red	N, P, S
5R 5/10	Red	N, P
5R 5/12	Strong red	B, N
5R 5/14	Vivid red	N
5R 6/1	Reddish gray	S
5R 6/2	Pale red	N, P, R, S
5R 6/3	Pale red	S
5R 6/4	Pale red	N, P, S
5R 6/6	Light red	N, P, R, S
5R 6/8	Light red	N, P, S
5R 6/10	Deep pink	B, N, P
5R 6/12	Deep yellowish pink	N
5R 7/1	Pinkish gray	S
5R 7/2	Pale red	N, P, S
5R 7/3	Pale red	S
5R 7/4	Pale red	N, P, R, S
5R 7/6	Light red	N, P, S
5R 7/8	Light red	B, N, P, S
5R 7/10	Strong yellowish pink	N
5R 8/1	White	S
5R 8/2	Light pink	N, P, R, S
5R 8/3	Light pink	S
5R 8/4	Light pink	B, N, P, S
5R 9/2	Pale pink	B
		
		
Hue 7.5R		
7.5R 2.5/1	Reddish black	S
7.5R 2.5/2	Very dusky red	S
7.5R 2.5/3	Very dusky red	S
7.5R 2.5/4	Very dusky red	S
7.5R 2/6	Deep reddish brown	B
7.5R 2/8	Very deep red	B
7.5R 3/1	Dark reddish gray	S
7.5R 3/2	Dusky red	S
7.5R 3/3	Dusky red	S
7.5R 3/4	Dusky red	S
7.5R 3/6	Dark red	S
7.5R 3/8	Dark red	B, S
7.5R 3/10	Deep red	B
7.5R 3/12	Vivid red	B
7.5R 4/1	Dark reddish gray	S
7.5R 4/2	Weak red	S
7.5R 4/3	Weak red	S
7.5R 4/4	Weak red	S
7.5R 4/6	Red	B, S
7.5R 4/8	Red	S
7.5R 5/1	Reddish gray	S
7.5R 4/14	Vivid red	B
7.5R 5/2	Weak red	S
7.5R 5/3	Weak red	S
7.5R 5/4	Weak red	S
7.5R 5/6	Red	S
7.5R 5/8	Red	S
7.5R 6/1	Reddish gray	S
7.5R 6/2	Pale red	S
7.5R 6/3	Pale red	S
7.5R 6/4	Pale red	S
7.5R 6/6	Light red	S
7.5R 6/8	Light red	S
7.5R 6/12	Strong reddish orange	B
7.5R 7/1	Pinkish gray	S
7.5R 7/2	Pale red	S
7.5R 7/3	Pale red	S
7.5R 7/4	Pale red	B, S
7.5R 7/6	Light red	S
7.5R 7/8	Light red	S
7.5R 8/1	White	S
7.5R 8/2	Light pink	S
7.5R 8/3	Light pink	S
7.5R 8/4	Light pink	S
		
		
Hue 8.75R		
8.75R 4/14	Vivid red	B
		
		
Hue 10R		
10R 2/2	Dark grayish reddish brown	R
10R 2/4	Dark reddish brown	B
10R 2.5/1	Reddish black	S
10R 2.5/2	Very dusky red	S
10R 3/1	Dark reddish gray	S
10R 3/2	Dusky red	B, P, S
10R 3/3	Dusky red	S
10R 3/4	Dusky red	P, R, S
10R 3/6	Dark red	P, S
10R 3/8	Strong reddish brown	B
10R 4/1	Dark reddish gray	S
10R 4/2	Weak red	P, R, S
10R 4/3	Weak red	S
10R 4/4	Weak red	P, S
10R 4/6	Red	P, R, S
10R 4/8	Red	B, P, S
10R 4/10	Dark reddish orange	P
10R 5/1	Reddish gray	S
10R 5/2	Weak red	P, S
10R 5/3	Weak red	S
10R 5/4	Weak red	P, R, S
10R 5/6	Red	B, P, S
10R 5/8	Red	B, P, S
10R 5/10	Moderate reddish orange	B, P
10R 5/14	Vivid reddish orange	B
10R 6/1	Reddish gray	S
10R 6/2	Pale red	P, R, S
10R 6/3	Pale red	S
10R 6/4	Pale red	P, S
10R 6/6	Light red	P, R, S
10R 6/8	Light red	P, S
10R 6/10	Moderate reddish orange	B, P
10R 7/1	Light gray	S
10R 7/2	Pale red	P, S
10R 7/3	Pale red	S
10R 7/4	Pale red	P, R, S
10R 7/6	Light red	P, S
10R 7/8	Light red	P, S
10R 8/1	White	S
10R 8/2	Pinkish white	R, S
10R 8/3	Pink	S
10R 8/4	Pink	S
		
		
Hue 1.25YR		
1.25YR 5/12	Strong reddish orange	B
		
		
Hue 2.5YR		
2.5YR 2/2	Dark grayish reddish brown	B
2.5YR 2.5/1	Reddish black	S
2.5YR 2.5/2	Very dusky red	S
2.5YR 2.5/3	Dark reddish brown	S
2.5YR 2.5/4	Dark reddish brown	S
2.5YR 3/1	Dark reddish gray	S
2.5YR 3/2	Dusky red	S
2.5YR 3/3	Dark reddish brown	S
2.5YR 3/4	Dark reddish brown	P, S
2.5YR 3/6	Dark red	P, S
2.5YR 4/1	Dark reddish gray	S
2.5YR 4/2	Weak red	S
2.5YR 4/3	Reddish brown	S
2.5YR 4/4	Reddish brown	P, S
2.5YR 4/6	Red	P, S
2.5YR 4/8	Red	P, S
2.5YR 4/10	Strong brown	B
2.5YR 5/1	Reddish gray	S
2.5YR 5/2	Weak red	S
2.5YR 5/3	Reddish brown	S
2.5YR 5/4	Reddish brown	P, S
2.5YR 5/6	Red	P, S
2.5YR 5/8	Red	P, S
2.5YR 5/10	Brownish orange	B
2.5YR 6/1	Reddish gray	S
2.5YR 6/2	Pale red	S
2.5YR 6/3	Light reddish brown	S
2.5YR 6/4	Light reddish brown	P, S
2.5YR 6/6	Light red	P, S
2.5YR 6/8	Light red	P, S
2.5YR 6/14	Strong orange	B
2.5YR 7/1	Light reddish gray	S
2.5YR 7/2	Pale red	S
2.5YR 7/3	Light reddish brown	S
2.5YR 7/4	Light reddish brown	P, S
2.5YR 7/6	Light red	P, S
2.5YR 7/8	Light red	P, S
2.5YR 8/1	White	S
2.5YR 8/2	Pinkish white	S
2.5YR 8/3	Pink	S
2.5YR 8/4	Pink	S
		
		
Hue 5YR		
5YR 2/1	Black	R
5YR 2/2	Dark grayish brown	R
5YR 2/4	Dark brown	B
5YR 2.5/1	Black	S
5YR 2.5/2	Dark reddish brown	S*
5YR 3/1	Very dark gray	S
5YR 3/2	Dark reddish brown	N, P, R, S
5YR 3/3	Dark reddish brown	S
5YR 3/4	Dark reddish brown	P, R, S
5YR 4/1	Dark gray	R, S
5YR 4/2	Dark reddish gray	N, P, S
5YR 4/3	Reddish brown	S
5YR 4/4	Reddish brown	N, P, R, S
5YR 4/6	Yellowish red	N, P, S
5YR 4/8	Yellowish red	P
5YR 5/1	Gray	B, S
5YR 5/2	Reddish gray	N, P, R, S
5YR 5/3	Reddish brown	S
5YR 5/4	Reddish brown	N, P, S
5YR 5/6	Yellowish red	N, P, R, S
5YR 5/8	Yellowish red	N, P, S
5YR 5/10	Brownish orange	P
5YR 6/1	Gray	R, S
5YR 6/2	Pinkish gray	N, P, S
5YR 6/3	Light reddish brown	S
5YR 6/4	Light reddish brown	N, P, R, S
5YR 6/6	Reddish yellow	N, P, S
5YR 6/8	Reddish yellow	N, P, S
5YR 6/10	Moderate orange	N, P
5YR 6/12	Strong orange	B, N
5YR 7/1	Light gray	S
5YR 7/2	Pinkish gray	N, P, R, S
5YR 7/3	Pink	S
5YR 7/4	Pink	N, P, S
5YR 7/6	Reddish yellow	N, P, S
5YR 7/8	Reddish yellow	N, P, S
5YR 7/10	Moderate orange	N, P
5YR 7/12	Strong orange	N
5YR 8/1	White	R, S
5YR 8/2	Pinkish white	N, P, S
5YR 8/3	Pink	S
5YR 8/4	Pink	N, P, R, S
5YR 8/6	Moderate yellowish pink	N
5YR 8/8	Light orange	N
		
		
Hue 7.5YR		
7.5YR 2/4	Dark brown	B
7.5YR 2.5/1	Black	S
7.5YR 2.5/2	Very dark brown	S
7.5YR 2.5/3	Very dark brown	S
7.5YR 3/1	Very dark gray	S
7.5YR 3/2	Dark brown	S
7.5YR 3/3	Dark brown	S
7.5YR 3/4	Dark brown	S
7.5YR 4/1	Dark gray	S
7.5YR 4/2	Brown	P, S
7.5YR 4/3	Brown	S
7.5YR 4/4	Brown	B, P, S
7.5YR 4/6	Strong brown	S
7.5YR 5/1	Gray	S
7.5YR 5/2	Brown	P, S
7.5YR 5/3	Brown	S
7.5YR 5/4	Brown	P, S
7.5YR 5/6	Strong brown	P, S
7.5YR 5/8	Strong brown	P, S
7.5YR 5/10	Strong yellowish brown	B
7.5YR 6/1	Gray	S
7.5YR 6/2	Pinkish gray	P, S
7.5YR 6/3	Light brown	S
7.5YR 6/4	Light brown	P, S
7.5YR 6/6	Reddish yellow	P, S
7.5YR 6/8	Reddish yellow	P, S
7.5YR 6/10	Dark orange yellow	P
7.5YR 7/1	Light gray	S
7.5YR 7/2	Pinkish gray	P, S
7.5YR 7/3	Pink	S
7.5YR 7/4	Pink	P, S
7.5YR 7/6	Reddish yellow	P, S
7.5YR 7/8	Reddish yellow	P, S
7.5YR 7/10	Moderate orange yellow	P
7.5YR 8/1	White	S
7.5YR 8/2	Pinkish white	P, S
7.5YR 8/3	Pink	S
7.5YR 8/4	Pink	P, S
7.5YR 8/6	Reddish yellow	P, S
7.5YR 8.5/1	White	S
7.5YR 8.5/2	Pinkish white	S
7.5YR 9/1	White	S
7.5YR 9/2	Pale yellowish pink	S
7.5YR 9.5/1	White	S
7.5YR 9.5/2	Pale yellowish pink	S
		
		
Hue 10YR		
10YR 2/1	Black	S
10YR 2/2	Very dark brown	R, S
10YR 3/1	Very dark gray	S
10YR 3/2	Very dark grayish brown	S
10YR 3/3	Dark brown	S
10YR 3/4	Dark yellowish brown	B, S
10YR 3/6	Dark yellowish brown	S
10YR 4/1	Dark gray	B, S
10YR 4/2	Dark grayish brown	R, S
10YR 4/3	Brown	S
10YR 4/4	Dark yellowish brown	S
10YR 4/6	Dark yellowish brown	S
10YR 4/8	Strong yellowish brown	B
10YR 5/1	Gray	S
10YR 5/2	Grayish brown	S
10YR 5/3	Brown	S
10YR 5/4	Yellowish brown	R, S
10YR 5/6	Yellowish brown	B, S
10YR 5/8	Yellowish brown	B, S
10YR 5/10	Strong yellowish brown	B
10YR 6/1	Gray	S
10YR 6/2	Light brownish gray	R, S
10YR 6/3	Pale brown	S
10YR 6/4	Light yellowish brown	S
10YR 6/6	Brownish yellow	R, S
10YR 6/8	Brownish yellow	S
10YR 7/1	Light gray	S
10YR 7/2	Light gray	S
10YR 7/3	Very pale brown	S
10YR 7/4	Very pale brown	R, S
10YR 7/6	Yellow	S
10YR 7/8	Yellow	B, S
10YR 7/10	Moderate orange yellow	B
10YR 7/14	Strong orange yellow	B
10YR 8/1	White	S
10YR 8/2	Very pale brown	R, S
10YR 8/3	Very pale brown	S
10YR 8/4	Very pale brown	S
10YR 8/6	Yellow	R, S
10YR 8/8	Yellow	S
10YR 8.5/1	White	S
10YR 8.5/2	Very pale brown	S
10YR 9/1	White	S
10YR 9/2	Pale orange yellow	S
10YR 9.5/1	White	S
10YR 9.5/2	Pale orange yellow	S
		
		
Hue 2.5Y		
2.5Y 2/2	Dark olive brown	B
2.5Y 2.5/1	Black	S
2.5Y 3/1	Very dark gray	S
2.5Y 3/2	Very dark grayish brown	S
2.5Y 3/3	Dark olive brown	S
2.5Y 4/1	Dark gray	S
2.5Y 4/2	Dark grayish brown	S
2.5Y 4/3	Olive brown	S
2.5Y 4/4	Olive brown	S
2.5Y 4/6	Olive brown	B, S*
2.5Y 5/1	Gray	S
2.5Y 5/2	Grayish brown	P, S
2.5Y 5/3	Light olive brown	S
2.5Y 5/4	Light olive brown	P, S
2.5Y 5/6	Light olive brown	P, S
2.5Y 6/1	Gray	S
2.5Y 6/2	Light brownish gray	P, S
2.5Y 6/3	Light yellowish brown	S
2.5Y 6/4	Light yellowish brown	P, S
2.5Y 6/6	Olive yellow	P, S
2.5Y 6/8	Olive yellow	B, P, S
2.5Y 7/1	Light gray	S
2.5Y 7/2	Light gray	P, S
2.5Y 7/3	Pale brown	S
2.5Y 7/4	Pale brown	P, S
2.5Y 7/6	Yellow	P, S
2.5Y 7/8	Yellow	B, P, S
2.5Y 7/10	Strong yellow	P
2.5Y 8/1	White	S
2.5Y 8/2	Pale brown†	P, S
2.5Y 8/3	Pale brown	S
2.5Y 8/4	Pale brown	P, S
2.5Y 8/6	Yellow	P, S
2.5Y 8/8	Yellow	P, S
2.5Y 8/10	Strong yellow	P
2.5Y 8.5/1	White	S
2.5Y 8.5/2	Pale yellow	S
2.5Y 9/1	White	S
2.5Y 9/2	Very pale yellow	S
2.5Y 9/3	Pale yellow	B
2.5Y 9.5/1	White	S
2.5Y 9.5/2	Very pale yellow	S
		
		
Hue 5Y		
5Y 2/1	Black	R
5Y 2.5/1	Black	S
5Y 2.5/2	Black	S
5Y 3/1	Very dark gray	S
5Y 3/2	Dark olive gray	N, R, S
5Y 4/1	Dark gray	R, S
5Y 4/2	Olive gray	N, S
5Y 4/3	Olive	S
5Y 4/4	Olive	B, N, R, S
5Y 5/1	Gray	S
5Y 5/2	Olive gray	N, P, R, S
5Y 5/3	Olive	S
5Y 5/4	Olive	N, P, S
5Y 5/6	Olive	N, P, R, S
5Y 6/1	Gray	R, S
5Y 6/2	Light olive gray	N, P, S
5Y 6/3	Pale olive	S
5Y 6/4	Pale olive	N, P, R, S
5Y 6/6	Olive yellow	N, P, S
5Y 6/8	Olive yellow	N, P, S
5Y 7/1	Light gray	S
5Y 7/2	Light gray	N, P, R, S
5Y 7/3	Pale yellow	S
5Y 7/4	Pale yellow	N, P, S
5Y 7/6	Yellow	N, P, R, S
5Y 7/8	Yellow	N, P, S
5Y 7/10	Strong yellow	N, P
5Y 8/1	White	R, S
5Y 8/2	Pale yellow	N, P, S
5Y 8/3	Pale yellow	S
5Y 8/4	Pale yellow	N, P, R, S
5Y 8/6	Yellow	N, P, S
5Y 8/8	Yellow	B, N, P, S
5Y 8/10	Strong yellow	B, N, P
5Y 8/12	Vivid yellow	B, N, P
5Y 9/2	Yellowish white	B
		
		
Hue 7.5Y		
7.5Y 8/6	Moderate greenish yellow	B
7.5Y 9/6	Light greenish yellow	B
		
		
Hue 10Y		
10Y 2.5/1	Greenish black	S
10Y 3/1	Very dark greenish gray	S
10Y 3/2	Very dark grayish olive	S
10Y 3/4	Dark olive	S
10Y 4/1	Dark greenish gray	S
10Y 4/2	Dark grayish olive	R, S
10Y 4/4	Olive	B, S
10Y 5/1	Greenish gray	S
10Y 5/2	Grayish olive	S
10Y 5/4	Light olive	R, S
10Y 5/6	Light olive	B
10Y 6/1	Greenish gray	S
10Y 6/2	Light grayish olive	R, S
10Y 6/4	Pale olive	S
10Y 6/6	Dark greenish yellow	R
10Y 7/1	Light greenish gray	S
10Y 7/4	Grayish greenish yellow	R
10Y 7/5	Grayish greenish yellow	B
10Y 8/1	Light greenish gray	S
10Y 8/2	Pale yellow green	R
10Y 8/10	Strong greenish yellow	B
		
		
Hue 2.5GY		
2.5GY 4/4	Moderate olive green	B
2.5GY 5/2	Grayish yellow green	P
2.5GY 5/4	Moderate yellow green	P
2.5GY 5/6	Moderate yellow green	P
2.5GY 5/8	Strong yellow green	P
2.5GY 6/2	Grayish yellow green	P
2.5GY 6/4	Moderate yellow green	P
2.5GY 6/6	Moderate yellow green	P
2.5GY 6/8	Strong yellow green	P
2.5GY 6/10	Strong yellow green	P
2.5GY 7/2	Grayish yellow green	P
2.5GY 7/4	Moderate yellow green	P
2.5GY 7/6	Moderate yellow green	P
2.5GY 7/8	Strong yellow green	P
2.5GY 7/10	Strong yellow green	B, P
2.5GY 8/2	Pale yellow green	P
2.5GY 8/4	Light yellow green	P
2.5GY 8/6	Light yellow green	P
2.5GY 8/8	Brilliant yellow green	P
2.5GY 8/10	Brilliant yellow green	P
2.5GY 8/12	Vivid yellow green	P
2.5GY 9/6	Light yellow green	B
		
		
Hue 5GY		
5GY 2/1	Greenish black	R
5GY 2.5/1	Greenish black	S
5GY 3/1	Very dark greenish gray	S
5GY 3/2	Very dark grayish green	N, R, S
5GY 3/4	Dark olive green	P, S
5GY 4/1	Dark greenish gray	R, S
5GY 4/2	Dark grayish green	N, S
5GY 4/4	Olive green	N, P, S
5GY 4/6	Olive green	P
5GY 4/8	Deep yellow green	P
5GY 5/1	Greenish gray	S
5GY 5/2	Grayish green	N, R, S
5GY 5/4	Light olive green	N, P, S
5GY 5/6	Moderate yellow green	N, P
5GY 5/8	Strong yellow green	N, P
5GY 5/10	Strong yellow green	P
5GY 6/1	Greenish gray	R, S
5GY 6/2	Light grayish green	N, S
5GY 6/4	Pale yellowish green	N, P, S
5GY 6/6	Moderate yellow green	N, P
5GY 6/8	Strong yellow green	N, P
5GY 6/10	Strong yellow green	P
5GY 7/1	Light greenish gray	S
5GY 7/2	Grayish yellow green	N, R
5GY 7/4	Moderate yellow green	N, P, R
5GY 7/6	Moderate yellow green	N, P
5GY 7/8	Strong yellow green	N, P
5GY 7/10	Strong yellow green	P
5GY 8/1	Light greenish gray	R, S
5GY 8/2	Pale yellow green	N
5GY 8/4	Light yellow green	N
5GY 8/6	Light yellow green	N
5GY 8/8	Brilliant yellow green	N
5GY 8/10	Brilliant yellow green	N
		
		
Hue 7.5GY		
7.5GY 3/2	Grayish olive green	P
7.5GY 3/4	Moderate olive green	P
7.5GY 4/2	Grayish olive green	P
7.5GY 4/3	Grayish olive green	B
7.5GY 4/4	Moderate olive green	P
7.5GY 4/6	Moderate olive green	B, P
7.5GY 5/2	Grayish yellow green	P
7.5GY 5/4	Moderate yellow green	B, P
7.5GY 5/6	Moderate yellow green	P
7.5GY 5/8	Strong yellow green	B, P
7.5GY 6/2	Grayish yellow green	P
7.5GY 6/4	Moderate yellow green	P
7.5GY 6/6	Moderate yellow green	B, P
7.5GY 6/8	Strong yellow green	P
7.5GY 6/10	Strong yellow green	P
7.5GY 7/2	Grayish yellow green	P
7.5GY 7/4	Moderate yellow green	P
7.5GY 7/6	Moderate yellow green	P
7.5GY 7/8	Strong yellow green	P
7.5GY 7/10	Strong yellow green	B, P
7.5GY 8/2	Pale yellow green	P
7.5GY 8/4	Light yellow green	B, P
7.5GY 8/6	Light yellow green	P
7.5GY 8/8	Brilliant yellow green	P
		
		
Hue 10GY		
10GY 2.5/1	Greenish black	S
10GY 3/1	Very dark greenish gray	S
10GY 3/2	Dark grayish green	R
10GY 4/1	Dark greenish gray	S
10GY 4/4	Dark yellowish green	B, R
10GY 4/6	Dark yellowish green	B
10GY 4/8	Deep yellowish green	B
10GY 5/1	Greenish gray	S
10GY 5/2	Grayish green	R
10GY 5/8	Strong yellowish green	B
10GY 5/10	Strong yellowish green	B
10GY 6/1	Greenish gray	S
10GY 6/4	Moderate yellowish green	R
10GY 6/6	Moderate yellowish green	B
10GY 7/1	Light greenish gray	S
10GY 7/2	Pale green	R
10GY 8/1	Light greenish gray	S
		
		
Hue 2.5G		
2.5G 3/2	Dark grayish green	P
2.5G 3/4	Dark yellowish green	P
2.5G 3/6	Dark yellowish green	B
2.5G 4/2	Grayish green	P
2.5G 4/4	Dark yellowish green	P
2.5G 4/6	Dark yellowish green	P
2.5G 5/2	Grayish green	P
2.5G 5/4	Moderate yellowish green	P
2.5G 5/6	Moderate yellowish green	P
2.5G 5/8	Strong yellowish green	P
2.5G 5/10	Strong yellowish green	B
2.5G 6/2	Pale green	P
2.5G 6/4	Moderate yellowish green	B, P
2.5G 6/6	Moderate yellowish green	P
2.5G 6/8	Strong yellowish green	P
2.5G 7/2	Pale green	P
2.5G 7/4	Light yellowish green	P
2.5G 7/6	Light yellowish green	P
2.5G 7/8	Brilliant yellowish green	B, P
2.5G 8/2	Very pale green	P
2.5G 8/4	Light yellowish green	P
2.5G 8/6	Light yellowish green	P
2.5G 9/2	Very pale green	B
		
		
Hue 5G		
5G 2/1	Greenish black	R
5G 2.5/1	Greenish black	S
5G 2.5/2	Very dark grayish green	N, S
5G 3/1	Very dark greenish gray	S
5G 3/2	Very dark grayish green	N, P, R, S
5G 3/4	Dark green	N, P
5G 4/1	Dark greenish gray	R, S
5G 4/2	Grayish green	N, P, S
5G 4/4	Moderate green	N, P
5G 4/6	Moderate green	N
5G 5/1	Greenish gray	S
5G 5/2	Grayish green	N, P, R, S
5G 5/4	Moderate green	B, N, P
5G 5/6	Moderate green	N, P, R
5G 5/8	Strong green	N, P
5G 6/1	Greenish gray	R, S
5G 6/2	Pale green	N, P, S
5G 6/4	Light green	N, P
5G 6/6	Light green	B, N, P, R
5G 6/8	Brilliant green	N
5G 6/10	Brilliant green	N
5G 7/1	Light greenish gray	S
5G 7/2	Pale green	N, P, R, S
5G 7/4	Light green	N, P, R
5G 7/6	Light green	N, P
5G 7/8	Brilliant green	N
5G 8/1	Light greenish gray	R, S
5G 8/2	Pale green	N, P, S
5G 8/4	Very light green	N, P
5G 8/6	Very light green	N, P
		
		
Hue 7.5G		
7.5G 3/2	Dark grayish green	P
7.5G 3/4	Dark green	P
7.5G 3/8	Deep green	B
7.5G 4/2	Grayish green	P
7.5G 4/4	Moderate green	P
7.5G 4/6	Moderate green	P
7.5G 5/2	Grayish green	P
7.5G 5/4	Moderate green	P
7.5G 5/6	Moderate green	B, P
7.5G 6/2	Pale green	P
7.5G 6/4	Light green	P
7.5G 6/6	Light green	P
7.5G 7/2	Pale green	P
7.5G 7/4	Light green	P
7.5G 7/6	Light green	P
7.5G 8/2	Very pale green	P
7.5G 8/4	Very light green	P
		
		
Hue 10G		
10G 2.5/1	Greenish black	S
10G 3/1	Very dark greenish gray	S
10G 4/1	Dark greenish gray	S
10G 4/2	Grayish green	R
10G 4/5	Moderate bluish green	B
10G 5/1	Greenish gray	S
10G 5/10	Strong bluish green	B
10G 6/1	Greenish gray	S
10G 6/2	Pale green	R
10G 6/6	Light bluish green	B
10G 7/1	Light greenish gray	S
10G 8/1	Light greenish gray	S
10G 8/2	Very pale green	R
		
		
Hue 5BG		
5BG 2.5/1	Greenish black	S
5BG 2.5/2	Dark grayish green	N
5BG 3/1	Very dark greenish gray	S
5BG 3/2	Dark grayish green	N, P, R
5BG 3/4	Dark bluish green	N, P
5BG 3/6	Dark bluish green	B, P
5BG 4/1	Dark greenish gray	S
5BG 4/2	Grayish green	N, P
5BG 4/4	Moderate bluish green	N, P
5BG 4/6	Moderate bluish green	N, P, R
5BG 4/8	Strong bluish green	B
5BG 5/1	Greenish gray	S
5BG 5/2	Grayish green	N, P, R
5BG 5/4	Moderate bluish green	N, P
5BG 5/6	Moderate bluish green	N, P
5BG 5/8	Strong bluish green	N
5BG 6/1	Greenish gray	S
5BG 6/2	Pale green	N, P
5BG 6/3	Light bluish green	B
5BG 6/4	Light bluish green	N, P
5BG 6/6	Light bluish green	N, P, R
5BG 6/8	Brilliant bluish green	N
5BG 7/1	Light greenish gray	S
5BG 7/2	Pale green	N, P, R
5BG 7/4	Light bluish green	N, P
5BG 7/6	Light bluish green	N
5BG 7/8	Brilliant bluish green	N
5BG 8/1	Light greenish gray	S
5BG 8/2	Very pale green	B, N
5BG 8/4	Very light bluish green	N
		
		
Hue 7.5BG		
7.5BG 3/8	Deep bluish green	B
7.5BG 6/3	Light bluish green	B
7.5BG 6/6	Light bluish green	B
7.5BG 6/8	Brilliant bluish green	B
7.5BG 8/4	Very light bluish green	B
		
		
Hue 10BG		
10BG 2.5/1	Greenish black	S
10BG 3/1	Very dark greenish gray	S
10BG 3/6	Dark bluish green	B
10BG 4/1	Dark greenish gray	S
10BG 4/8	Strong bluish green	B
10BG 5/1	Greenish gray	S
10BG 6/1	Greenish gray	S
10BG 7/1	Light greenish gray	S
10BG 7/4	Light bluish green	B
10BG 8/1	Light greenish gray	S
		
		
Hue 2.5B		
2.5B 3/2	Dark grayish blue	P
2.5B 3/4	Dark greenish blue	P
2.5B 3/6	Dark greenish blue	B, P
2.5B 4/2	Grayish blue	P
2.5B 4/4	Moderate greenish blue	P
2.5B 4/6	Moderate greenish blue	P
2.5B 4/8	Strong greenish blue	P
2.5B 5/2	Grayish blue	P
2.5B 5/4	Moderate greenish blue	P
2.5B 5/5	Moderate greenish blue	B
2.5B 5/6	Moderate greenish blue	P
2.5B 6/2	Pale blue	P
2.5B 6/4	Light greenish blue	B, P
2.5B 6/6	Light greenish blue	P
2.5B 6/7	Light greenish blue	B
2.5B 7/2	Pale blue	B, P
2.5B 7/4	Light greenish blue	P
2.5B 7/6	Light greenish blue	P
2.5B 8/2	Very pale blue	P
2.5B 8/4	Very light greenish blue	P
		
		
Hue 5B		
5B 2.5/1	Bluish black	S
5B 2.5/2	Dark grayish blue	N
5B 3/1	Very dark bluish gray	S
5B 3/2	Dark grayish blue	N
5B 3/4	Dark greenish blue	N
5B 4/1	Dark bluish gray	S
5B 4/2	Grayish blue	N
5B 4/4	Moderate greenish blue	N
5B 4/6	Moderate greenish blue	B, N
5B 5/1	Bluish gray	R, S
5B 5/2	Grayish blue	N
5B 5/4	Moderate greenish blue	N
5B 5/6	Moderate greenish blue	N, R
5B 5/7	Moderate greenish blue	B
5B 5/8	Strong greenish blue	N
5B 6/1	Bluish gray	S
5B 6/2	Pale blue	N, R
5B 6/4	Light greenish blue	N
5B 6/6	Light greenish blue	B, N
5B 6/8	Brilliant greenish blue	N
5B 7/1	Light bluish gray	R, S
5B 7/2	Pale blue	N
5B 7/4	Light greenish blue	N
5B 7/6	Light greenish blue	N, R
5B 7/8	Brilliant greenish blue	N
5B 8/1	Light bluish gray	S
5B 8/2	Very pale blue	N, R
5B 8/4	Very light greenish blue	B, N
5B 9/1	Bluish white	R
		
		
Hue 7.5B		
7.5B 3/3	Dark grayish blue	B
7.5B 3/6	Dark greenish blue	B
7.5B 4/4	Moderate greenish blue	B
7.5B 4/8	Strong greenish blue	B
7.5B 5/10	Strong greenish blue	B
7.5B 6/2	Pale blue	B
7.5B 6/4	Light greenish blue	B
7.5B 6/6	Light greenish blue	B
7.5B 7/6	Light greenish blue	B
7.5B 8/2	Very pale blue	B
		
		
Hue 10B		
10B 2/4	Dark blue	B
10B 2/6	Dark blue	B
10B 2.5/1	Bluish black	S
10B 3/1	Very dark bluish gray	S
10B 4/1	Dark bluish gray	S
10B 4/6	Moderate blue	B
10B 4/10	Strong blue	B
10B 5/1	Bluish gray	S
10B 5/6	Moderate blue	B
10B 6/1	Bluish gray	S
10B 6/3	Pale blue	B
10B 7/1	Light bluish gray	S
10B 8/1	Light bluish gray	S
		
		
Hue 2.5PB		
2.5PB 3/8	Deep blue	B
2.5PB 5/2	Grayish blue	B
2.5PB 5/4	Grayish blue	B
2.5PB 6/9	Light blue	B
		
		
Hue 5PB		
5PB 2.5/1	Bluish black	S
5PB 2.5/2	Dark grayish blue	N
5PB 2.5/4	Dark blue	N
5PB 3/1	Very dark bluish gray	S
5PB 3/2	Dark grayish blue	N, R
5PB 3/4	Dark blue	B, N
5PB 3/6	Dark blue	B, N
5PB 3/8	Deep blue	N
5PB 4/1	Dark bluish gray	S
5PB 4/2	Grayish blue	N
5PB 4/4	Grayish blue	B, N
5PB 4/6	Moderate blue	N
5PB 4/8	Moderate blue	B, N
5PB 4/10	Strong blue	B, N
5PB 5/1	Bluish gray	S
5PB 5/2	Grayish blue	N, R
5PB 5/4	Grayish blue	B, N
5PB 5/6	Moderate blue	N
5PB 5/7	Moderate blue	B
5PB 5/8	Moderate blue	N
5PB 5/10	Strong blue	N
5PB 6/1	Bluish gray	S
5PB 6/2	Pale blue	N
5PB 6/3	Pale blue	B
5PB 6/4	Pale blue	N
5PB 6/6	Light blue	N
5PB 6/8	Light blue	B, N
5PB 6/10	Brilliant blue	N
5PB 7/1	Light bluish gray	S
5PB 7/2	Pale blue	N, R
5PB 7/4	Pale blue	N
5PB 7/6	Light blue	N
5PB 7/8	Light blue	N
5PB 8/1	Light bluish gray	S
5PB 8/2	Very pale blue	N
5PB 8/4	Very pale blue	N
		
		
Hue 6.25PB		
6.25PB 3/12	Vivid blue	B
		
		
Hue 7.5PB		
7.5PB 2/5	Dark purplish blue	B
7.5PB 2/7	Dark purplish blue	B
7.5PB 2/10	Deep purplish blue	B
7.5PB 3/8	Deep purplish blue	B
7.5PB 4/11	Strong purplish blue	B
7.5PB 5/6	Light purplish blue	B
		
		
Hue 5P		
5P 2/2	Blackish purple	R
5P 2.5/2	Dark grayish purple	N
5P 2.5/4	Dark purple	N
5P 2.5/6	Dark purple	N
5P 3/2	Dark grayish purple	N
5P 3/4	Dark purple	N
5P 3/6	Dark purple	N
5P 3/8	Deep purple	N
5P 4/2	Grayish purple	N, R
5P 4/4	Grayish purple	N
5P 4/6	Moderate purple	N
5P 4/8	Moderate purple	N
5P 4/10	Strong purple	N
5P 5/2	Grayish purple	N
5P 5/4	Grayish purple	B, N
5P 5/6	Moderate purple	N
5P 5/8	Moderate purple	N
5P 5/10	Strong purple	N
5P 6/2	Pale purple	N, R
5P 6/4	Pale purple	N
5P 6/6	Light purple	N
5P 6/8	Light purple	N
5P 7/2	Pale purple	N
5P 7/4	Pale purple	N
5P 7/6	Light purple	N
5P 8/2	Very pale purple	N
5P 8/4	Very pale purple	N
		
		
Hue 7.5P		
7.5P 3/8	Deep purple	B
7.5P 4/8	Moderate purple	B
		
		
Hue 10P		
10P 2/4	Very dark reddish purple	B
10P 3/4	Dark reddish purple	B
10P 3/10	Deep reddish purple	B
10P 4/6	Moderate reddish purple	B
		
		
Hue 2.5RP		
2.5RP 2/6	Very dark reddish purple	B
2.5RP 7/4	Grayish purplish pink	B
		
		
Hue 5RP		
5RP 2/2	Blackish purple	R
5RP 2.5/2	Dark grayish purple	N
5RP 2.5/4	Dark purplish red	N
5RP 3/2	Dark grayish purple	N, P
5RP 3/4	Dark purplish red	N, P
5RP 3/6	Dark purplish red	N, P
5RP 3/8	Dark purplish red	P
5RP 3/10	Deep purplish red	P
5RP 4/2	Grayish purple	N, P, R
5RP 4/4	Grayish purplish red	N, P
5RP 4/6	Grayish purplish red	N, P
5RP 4/8	Moderate purplish red	N, P
5RP 4/10	Moderate purplish red	N, P
5RP 4/12	Strong purplish red	P
5RP 5/2	Grayish purple	N, P
5RP 5/4	Grayish purplish red	N, P
5RP 5/6	Grayish purplish red	N, P
5RP 5/8	Moderate purplish red	N, P
5RP 5/10	Moderate purplish red	N, P
5RP 5/12	Strong purplish red	N
5RP 6/2	Pale purple	N, P, R
5RP 6/4	Light grayish purplish red	N, P
5RP 6/6	Dark purplish pink	N, P
5RP 6/8	Dark purplish pink	N, P
5RP 6/10	Deep purplish pink	N, P
5RP 7/2	Grayish purplish pink	N, P
5RP 7/4	Grayish purplish pink	N, P
5RP 7/6	Moderate purplish pink	N, P
5RP 7/8	Moderate purplish pink	N, P
5RP 8/2	Pale purplish pink	N, P, R
5RP 8/4	Pale purplish pink	N, P
5RP 8/6	Light purplish pink	N, P
		
		
Hue 10RP		
10RP 4/6	Grayish purplish red	B
10RP 5/10	Moderate purplish red	B
10RP 7/6	Moderate pink	B
10RP 8/4	Moderate pink	B
